[Header],,,,,,
ExperimentName,Nextseq_Batch_24R_SC_P1_600,,,,,
Date,21-01-24,,,,,
Module,GenerateFASTQ_2.0.0,,,,,
Workflow,GenerateFASTQ,,,,,
LibraryPrepKit,Custom,,,,,
Chemistry,Amplicon,,,,,
[Reads],,,,,,
301,,,,,,
301,,,,,,
[Data],,,,,,
Sample_ID,Description,I7_Index_ID,index,I5_Index_ID,index2,Sample_Project
SC_NP_H_7061,SC_NP_H_7061,AATCGTTA,AATCGTTA,ACGTTATT,ACGTTATT,
SC_NP_H_7063,SC_NP_H_7063,AATCGGCG,AATCGGCG,TCAATATT,TCAATATT,
SC_NP_H_7063_S1,SC_NP_H_7063_S1,TTTCGGCG,TTTCGGCG,NNNNNNNN,NNNNNNNN,
